ECE,Group,LSTM,conv,augmented,frame,mAP,normal_acc,mandown_acc,cross_acc
0.03720069249445687,0,0,6,1,1,0.9384020666325968,0.9581528075000052,0.909026930902866,0.9480264614949195
0.07340447973094166,0,0,6,1,11,0.9604844061620099,0.9863360564709361,0.9560188174912134,0.93909834452388
0.04118163611111111,0,0,6,1,3,0.9557640432514303,0.9829897641860111,0.9271849089563118,0.9571174566119682
0.055349180501113676,0,0,6,1,5,0.9554334095912376,0.9861520900873879,0.9380932517411443,0.9420548869451807
0.060061598247767856,0,0,6,1,7,0.9595349176200841,0.9958130683101463,0.935032544782439,0.947759139767667
0.07335445901566001,0,0,6,1,9,0.9544997838819506,0.9875208270652445,0.9208584763667796,0.9551200482138276
0.03138716772727277,0,0,6,0,1,0.9184572953476063,0.9684925476424483,0.9211416131857995,0.8657377252145712
0.0693371757735425,0,0,6,0,11,0.9510832881869146,0.986578618464152,0.9384439514064018,0.9282272946901904
0.041411062744444414,0,0,6,0,3,0.966637405482549,0.9782755948276891,0.9550701399844448,0.966566481635513
0.06124877662583532,0,0,6,0,5,0.9600387866651335,0.9849402541294797,0.9510460048810578,0.9441301009848633
0.04825165218749995,0,0,6,0,7,0.9671897720190062,0.994623833815577,0.9558322866233254,0.9511131956181161
0.06561031388143179,0,0,6,0,9,0.9479750229255411,0.9862566958529618,0.9449161986382537,0.912752174285408
0.04392584329268308,0,1,1,1,1,0.9234429889037007,0.962553944796314,0.914487674550869,0.893287347363919
0.07692947171524661,0,1,1,1,11,0.9195567500831796,0.9786484649848048,0.9161453606082672,0.8638764246564665
0.04241261744444445,0,1,1,1,3,0.957206673149642,0.9870897526312881,0.9190415702415577,0.9654886965760802
0.05096578729398662,0,1,1,1,5,0.9274672902932171,0.986041017135332,0.930567143223948,0.865793710520371
0.0704913867299107,0,1,1,1,7,0.9145278413464265,0.9834522958521035,0.9051574399632206,0.8549737882239559
0.08549324821029097,0,1,1,1,9,0.9400405524169345,0.9715886449043191,0.9189793041768808,0.9295537081696039
0.030441881995565478,0,1,1,0,1,0.937546911944822,0.953840863918906,0.9180349569850567,0.9407649149305031
0.07864979614349785,0,1,1,0,11,0.94749778378384,0.9834442395141257,0.9274955913226861,0.9315535205147082
0.041789456622222235,0,1,1,0,3,0.9592735578659122,0.9875970229652441,0.931621265120152,0.9586023855123403
0.04729909242761699,0,1,1,0,5,0.9590550580464029,0.9892532077550618,0.9347197379120065,0.9531922284721405
0.06525419529017872,0,1,1,0,7,0.932130472202147,0.9904114203488568,0.9340123103948578,0.8719676858627265
0.07247550266219245,0,1,1,0,9,0.9190392775220388,0.9919140659112514,0.9120611914527122,0.8531425752021529
0.04958917063192918,0,1,2,1,1,0.940915595026048,0.966016159867119,0.9413679467570751,0.9153626784539503
0.07641236724215247,0,1,2,1,11,0.9374498727098532,0.9820211868804851,0.9286031643934549,0.9017252668556196
0.041669052644444364,0,1,2,1,3,0.9568060152294026,0.9792466101664865,0.9488280380500553,0.942343397471666
0.055684794053452086,0,1,2,1,5,0.939373673667506,0.9893144338913885,0.9435827300355552,0.8852238570755743
0.06636328925223214,0,1,2,1,7,0.9512562444663192,0.9867281794547714,0.9259890008555672,0.941051553088619
0.05889637670022371,0,1,2,1,9,0.9479898405845303,0.9885827128641231,0.9174797911402804,0.9379070177491876
0.0350458527716184,0,1,2,0,1,0.9087515922894757,0.9649142537023099,0.9189907646723632,0.8423497584937539
0.2298702764237669,0,1,2,0,11,0.8541661726006479,0.9840496011930749,0.8825526807730532,0.6958962358358156
0.03649784163333335,0,1,2,0,3,0.9517042590832165,0.9808980922805418,0.9278408411708903,0.9463738437982174
0.04720346299554567,0,1,2,0,5,0.9613944140639065,0.9930538419472164,0.9300444752582624,0.9610849249862403
0.054620877354910766,0,1,2,0,7,0.9723974204365993,0.9924465580019906,0.962972848653302,0.961772854654505
0.0715655434451902,0,1,2,0,9,0.9552739870161794,0.9910823134013542,0.9342362373457938,0.9405034103013901
0.06867310774944571,0,1,3,1,1,0.8674631750879968,0.9557621868849326,0.8574740887648528,0.7891532496142045
0.06320215432735413,0,1,3,1,11,0.9285128501681411,0.9762157621475469,0.904574492880979,0.9047482954758971
0.04322631265555558,0,1,3,1,3,0.963523435102652,0.9821358546124836,0.9452662475347525,0.96316820316072
0.05647391886414258,0,1,3,1,5,0.9197753375303241,0.9877490241785506,0.9271496743362894,0.8444273140761326
0.06809445340401785,0,1,3,1,7,0.9298879571054739,0.9841081712496056,0.9122703947549273,0.893285305311889
0.06365290194630865,0,1,3,1,9,0.9454528058968054,0.9862553843556553,0.9469297988841858,0.9031732344505752
0.02558985956762755,0,1,3,0,1,0.926338840941859,0.9535613501940506,0.9175903384084848,0.9078648342230415
0.06101390979820638,0,1,3,0,11,0.9548069341492972,0.9907744539261545,0.9310765487198106,0.9425697998019266
0.05090772085555565,0,1,3,0,3,0.9657087166734944,0.9799822689741545,0.9464144404831454,0.9707294405631833
0.04369960168151451,0,1,3,0,5,0.9529575208316702,0.9843300683603845,0.9389643262764527,0.935578167858173
0.06962800623883925,0,1,3,0,7,0.9541587701501694,0.9903536418565647,0.9160096487737636,0.9561130198201798
0.0780757881879196,0,1,3,0,9,0.9427475849526753,0.9867055907563932,0.9189641851977218,0.9225729789039109
0.15233847766075376,0,1,4,1,1,0.9014916849841311,0.9519012872509474,0.8782540819694591,0.874319685731987
0.06640671011210753,0,1,4,1,11,0.9251100944445083,0.9802404026604249,0.925732939406022,0.869356941267078
0.04949151908888899,0,1,4,1,3,0.9441843073191346,0.9770515293501041,0.922177610602013,0.9333237820052869
0.04434294501113584,0,1,4,1,5,0.95122802712982,0.9933952657645196,0.9298338970557777,0.9304549185691625
0.05438194472098216,0,1,4,1,7,0.9290809304700763,0.9766366741525906,0.9298267317650311,0.8807793854926074
0.07003807171140955,0,1,4,1,9,0.9577567047826401,0.9895944875836149,0.9312629185192698,0.9524127082450354
0.11934669362527711,0,1,4,0,1,0.9128530943014348,0.9227365276589845,0.922299824449248,0.893522930796072
0.06976090893497755,0,1,4,0,11,0.9461688278175258,0.9826692629719291,0.9269733795864435,0.9288638408942047
0.03557919472222224,0,1,4,0,3,0.9701443777004931,0.989051094357452,0.964009269654299,0.9573727690897285
0.04622606521158133,0,1,4,0,5,0.9620912896692606,0.995677697495854,0.9404225378934579,0.9501736336184702
0.060817857901785774,0,1,4,0,7,0.9567379462178263,0.9923749335873684,0.9454572505356054,0.9323816545305048
0.07952940690156597,0,1,4,0,9,0.9520723101401637,0.9901965422808493,0.9231026397737485,0.9429177483658934
0.06570819850332586,0,1,5,1,1,0.923841088658154,0.9708801775767268,0.9016716241285561,0.8989714642691788
0.07770909028026915,0,1,5,1,11,0.9496946587664445,0.9799888466651395,0.9358072748103169,0.9332878548238773
0.05657061563333336,0,1,5,1,3,0.9499430700837049,0.9799539641816204,0.9297300591572123,0.9401451869122822
0.0482255404342985,0,1,5,1,5,0.9725214738142,0.990394497517919,0.9660299436306472,0.9611399802940337
0.07714594466517857,0,1,5,1,7,0.9434639267756079,0.9813528770312501,0.904169678448442,0.9448692248471317
0.08309335315436239,0,1,5,1,9,0.951084240466305,0.99222655621185,0.9290873360200675,0.9319388291669979
0.056551969789357004,0,1,5,0,1,0.9437766573126779,0.9560514508619287,0.9234950821306007,0.9517834389455043
0.10195106204035877,0,1,5,0,11,0.9474103548976883,0.9863914081502332,0.9249668097692355,0.9308728467735967
0.03836579454444456,0,1,5,0,3,0.9722315184489569,0.9823989236777183,0.966277343151599,0.9680182885175538
0.05561406551224951,0,1,5,0,5,0.97126962390323,0.9921689459825406,0.9613877362148394,0.9602521895123102
0.07635650477678575,0,1,5,0,7,0.9565405051188308,0.9923037408824343,0.9334921132224515,0.9438256612516066
0.05712472225950772,0,1,5,0,9,0.9534529557015614,0.9937258872067517,0.9489080158267473,0.9177249640711852
0.05258345935698451,0,1,6,1,1,0.9368862364016204,0.972794349657944,0.9198392309278134,0.9180251286191039
0.07562152560538116,0,1,6,1,11,0.959956609602207,0.9876293971948108,0.9507860994063109,0.9414543322054992
0.04453709287777763,0,1,6,1,3,0.9541182163818634,0.9709086482813953,0.9348804019936463,0.9565655988705486
0.05377598915367493,0,1,6,1,5,0.9710380986787769,0.9910956804923688,0.9635187747369975,0.9584998408069643
0.05960136330357155,0,1,6,1,7,0.9502351074124401,0.9911562838619891,0.9173402578403121,0.9422087805350193
0.06864190824384778,0,1,6,1,9,0.9334236893659323,0.9896972627421601,0.9015453693466673,0.9090284360089699
0.04418604123059878,0,1,6,0,1,0.9288086105417928,0.9544567405916438,0.9122842120978116,0.9196848789359229
0.06689671078475327,0,1,6,0,11,0.9563205152605777,0.991246578344873,0.9378374627603595,0.9398775046765007
0.060026002077777724,0,1,6,0,3,0.9531001166189368,0.9792271328969909,0.932256067677784,0.9478171492820355
0.07236137336302896,0,1,6,0,5,0.9369817383456439,0.9859337402669005,0.9073615386326359,0.9176499361373951
0.06154031512276789,0,1,6,0,7,0.9490090274759063,0.9915737793168915,0.9092759083744623,0.9461773947363653
0.064758393344519,0,1,6,0,9,0.9615138246755349,0.9952173797611904,0.9477833580366292,0.9415407362287851
0.04435953474501103,1,0,1,1,1,0.9257374263085069,0.958752479947344,0.9078769445971296,0.9105828543810468
0.10846475039237662,1,0,1,1,11,0.9054889825247142,0.9366028563267038,0.9209712524708702,0.8588928387765687
0.0511611472,1,0,1,1,3,0.9214312780675816,0.9755721370441544,0.9077458020707942,0.8809758950877963
0.06259908393095763,1,0,1,1,5,0.9158361413945099,0.9884323661602975,0.8901874427291945,0.8688886152940376
0.08521411829241066,1,0,1,1,7,0.9038663195721871,0.9774109274398942,0.8922648654868724,0.8419231657897946
0.07503391872483212,1,0,1,1,9,0.9159489644811867,0.9685740990744511,0.9170612836258053,0.8622115107433035
0.03224566884700669,1,0,1,0,1,0.9398815774201669,0.9569817791247699,0.9138329006081516,0.9488300525275788
0.07627655265695056,1,0,1,0,11,0.9203649007184311,0.9640307983920391,0.9225788677603889,0.8744850360028655
0.051282280077777645,1,0,1,0,3,0.9453733336676158,0.9747604224029973,0.9073084548157023,0.9540511237841477
0.06033661033407574,1,0,1,0,5,0.9557056026433773,0.9809158724299258,0.9320408629249983,0.9541600725752077
0.06064378275669645,1,0,1,0,7,0.9364274638884599,0.9778695803146317,0.9167671176151186,0.9146456937356298
0.06807654686800886,1,0,1,0,9,0.9181079759891801,0.9776411622913139,0.9112261043822586,0.8654566612939683
0.2310004675498891,1,0,2,1,1,0.8784863417896799,0.8966141922578456,0.8489388371361338,0.8899059959750605
0.0740788179147982,1,0,2,1,11,0.9062494367730061,0.9525065826671286,0.9169881699114866,0.8492535577404031
0.05427736762222236,1,0,2,1,3,0.9427785236559698,0.9665480907784594,0.9145763726019422,0.9472111075875076
0.0508043405122494,1,0,2,1,5,0.9256136771581304,0.983696715339232,0.9239456616034847,0.8691986545316743
0.06510600997767862,1,0,2,1,7,0.9110088054399806,0.972724353109082,0.9028550731106091,0.8574469901002507
0.0724654306599554,1,0,2,1,9,0.9138864833594335,0.9703075069301569,0.9094295376549484,0.861922405493195
0.03279899558758315,1,0,2,0,1,0.9348691781334993,0.9558710398548402,0.9139719757823166,0.9347645187633413
0.08814340855381178,1,0,2,0,11,0.900341893138044,0.9595559669375417,0.8794671766310946,0.8620025358454956
0.04916754207777778,1,0,2,0,3,0.9598005672963215,0.9873232728475341,0.9377730637156761,0.9543053653257545
0.053384511948775186,1,0,2,0,5,0.9240929420635883,0.9848799122792439,0.9194602659619963,0.8679386479495248
0.0634017819531251,1,0,2,0,7,0.9331275850696344,0.9645498319896458,0.9203233356641858,0.914509587555072
0.06754988253914976,1,0,2,0,9,0.9387849349570588,0.9868533061684325,0.9241875695286949,0.9053139291740488
0.05422695672948995,1,0,3,1,1,0.9373705112684362,0.9576008656861856,0.9213116036801514,0.9331990644389717
0.07449816832959653,1,0,3,1,11,0.9083017555588891,0.959422909949042,0.8994464181302744,0.8660359385973512
0.05368222155555556,1,0,3,1,3,0.9476790813407305,0.977402880011568,0.9161760093239474,0.9494583546866764
0.051616805200445356,1,0,3,1,5,0.9359323053749596,0.9929432321498564,0.9210612029364276,0.8937924810385949
0.06768406273437497,1,0,3,1,7,0.9104888363801145,0.9654972194487742,0.9060155114570776,0.8599537782344915
0.06593169390380303,1,0,3,1,9,0.9010046435917106,0.9653386756404595,0.8761878904947425,0.86148736463993
0.024404140454545496,1,0,3,0,1,0.9245851421362191,0.9656736691153882,0.9101558708471565,0.8979258864461124
0.07877979170403593,1,0,3,0,11,0.9247677487747272,0.9610350704833682,0.9231889300852427,0.8900792457555705
0.05287807844444445,1,0,3,0,3,0.9459780022046723,0.9838660107459456,0.9120100319200924,0.9420579639479788
0.06061778554565702,1,0,3,0,5,0.9633607155345064,0.9916611773064747,0.9468069551583873,0.951614014138657
0.07069939611607136,1,0,3,0,7,0.9361470610103053,0.978581275040752,0.9206608073819618,0.9091991006082021
0.08677703069351227,1,0,3,0,9,0.9159465040969147,0.9760787760869167,0.8992293676504968,0.8725313685533307
0.05038583718403555,1,0,4,1,1,0.928923251223146,0.9639833103370382,0.9279075330123385,0.8948789103200613
0.07587892307174882,1,0,4,1,11,0.9021862407251554,0.9622212657997969,0.8949704704904728,0.8493669858851963
0.05715760065555556,1,0,4,1,3,0.9531940842902088,0.9760300715120973,0.9424951585817672,0.9410570227767616
0.060119556380846415,1,0,4,1,5,0.9281322016016871,0.9905088214985084,0.9153007174515485,0.8785870658550045
0.07079133693080351,1,0,4,1,7,0.9078300952896571,0.974800628195281,0.8930197476672463,0.855669910006444
0.07637203013422815,1,0,4,1,9,0.913856960591202,0.9596291804674523,0.9073912980024607,0.8745504033036929
0.07192814229490016,1,0,4,0,1,0.9429408506046985,0.9574430285888615,0.9345071514646393,0.9368723717605946
0.08702186040358759,1,0,4,0,11,0.9072279559354675,0.9715288301371873,0.9018824430492082,0.848272594620007
0.05354212538888902,1,0,4,0,3,0.9535946420203875,0.9822965021928497,0.9177104192728908,0.9607770045954218
0.05400564033407579,1,0,4,0,5,0.9242146155572507,0.9883951791383536,0.912180333985924,0.8720683335474745
0.07234312779017854,1,0,4,0,7,0.9104120561387737,0.9738332156633263,0.8807497784938868,0.8766531742591082
0.06755330607382555,1,0,4,0,9,0.9354593969816812,0.9808186721787576,0.9282138873012437,0.8973456314650425
0.051301742538802576,1,0,5,1,1,0.9391180118353001,0.9614754212634978,0.9285081022276518,0.927370512014751
0.07731496045964138,1,0,5,1,11,0.9155156726177727,0.9671251716555043,0.9231454839170412,0.8562763622807724
0.0448948659444445,1,0,5,1,3,0.9391721786111379,0.9766296460642587,0.9123506927922128,0.9285361969769421
0.053048724420935556,1,0,5,1,5,0.9467458350180246,0.9879501899761283,0.9318610948616367,0.9204262202163088
0.07369071082589292,1,0,5,1,7,0.927744105010631,0.9684772613439131,0.9277162969277448,0.8870387567602347
0.07298948703579416,1,0,5,1,9,0.9185201373802454,0.9798326872355142,0.9003417812378797,0.8753859436673423
0.03777264677383587,1,0,5,0,1,0.9384015546475603,0.9596741109297693,0.9254156645726479,0.9301148884402635
0.07593005164798206,1,0,5,0,11,0.9171107575662051,0.9754027298031179,0.9214661124863552,0.8544634304091419
0.03600321092222222,1,0,5,0,3,0.9639565502713278,0.9791746985185811,0.9552002214271612,0.957494730868241
0.05806022415367471,1,0,5,0,5,0.9511415376152929,0.9866622192932595,0.917874634289601,0.9488877592630179
0.06753072877232133,1,0,5,0,7,0.9163723067717879,0.967600631345383,0.9194301075042772,0.8620861814657036
0.08014460668903814,1,0,5,0,9,0.9172340087025762,0.97727666046538,0.9225649644113845,0.8518604012309643
0.05569550258314848,1,0,6,1,1,0.9302237573439441,0.95478098068929,0.9166588932654267,0.9192313980771157
0.08328065267937218,1,0,6,1,11,0.9010406516094461,0.9575074097341645,0.9055717444437636,0.8400428006504103
0.04463376887777787,1,0,6,1,3,0.9724462634898418,0.9840760160910332,0.9671069470045274,0.9661558273739645
0.0573920558240534,1,0,6,1,5,0.9368450347915956,0.9733591436150942,0.9522608370108655,0.8849151237488272
0.07229883434151768,1,0,6,1,7,0.9301129808532211,0.9840505302242398,0.9152495757586456,0.8910388365767781
0.06969968187919466,1,0,6,1,9,0.9181039290024628,0.9855750707227698,0.9092259930517655,0.8595107232328533
0.051495888968957806,1,0,6,0,1,0.9457411390069527,0.9622599387071253,0.9382977509487669,0.936665727364966
0.06517247844170398,1,0,6,0,11,0.9094136643495948,0.9738061801582375,0.8875708606917775,0.8668639521987694
0.045849603766666705,1,0,6,0,3,0.9561254556629571,0.9820544650932016,0.9525672626025516,0.933754639293118
0.049015348797327364,1,0,6,0,5,0.9564383120547045,0.9925493886117016,0.9340959166707389,0.9426696308816731
0.062063281919642846,1,0,6,0,7,0.9561938387880992,0.9825078049237288,0.9577054032082233,0.9283683082323453
0.07375489601789705,1,0,6,0,9,0.9055010231873668,0.9691434697742806,0.8966773651326547,0.8506822346551652
0.060950866341463225,1,1,1,1,1,0.9287438399996266,0.960022321808642,0.8888463415370359,0.937362856653202
0.06364773789237659,1,1,1,1,11,0.9241867863964934,0.9789694685058439,0.930857749240155,0.8627331414434816
0.04172587728888888,1,1,1,1,3,0.9573253928599854,0.9849176353613505,0.9350819741701105,0.951976569048495
0.040725001236080347,1,1,1,1,5,0.9254327842978282,0.9926725109450587,0.9329940643364281,0.8506317776119975
0.08789956973214283,1,1,1,1,7,0.9329878993724884,0.9602324518226473,0.9345376554815151,0.904193590813303
0.06559352474272932,1,1,1,1,9,0.9447177598192713,0.9936396466434685,0.9204455397016248,0.9200680931127208
0.06684146404656324,1,1,1,0,1,0.9320272539146556,0.9555308005552025,0.9210635588142693,0.9194874023744947
0.08393072242152458,1,1,1,0,11,0.9401554812229573,0.9827786927079866,0.9314678242071407,0.906219926753745
0.047053220633333295,1,1,1,0,3,0.9463252102678137,0.9776471708102428,0.9291333644149803,0.9321950955782177
0.047031190991091376,1,1,1,0,5,0.9192179028190776,0.9871593425067318,0.9229408301787314,0.8475535357717695
0.07017261811383922,1,1,1,0,7,0.9470071039966766,0.9903734075295046,0.927384864557156,0.923263039903369
0.059683770637583865,1,1,1,0,9,0.9475408893406089,0.991544858623798,0.9510830868836209,0.899994722514408
0.053882591097560856,1,1,2,1,1,0.9434253117142261,0.9598012368287057,0.9295467917828456,0.9409279065311271
0.07889593087443936,1,1,2,1,11,0.9298712476251486,0.9899963833361294,0.916896161119591,0.8827211984197252
0.04325783068888898,1,1,2,1,3,0.9536899332408856,0.9852707053799024,0.9265726414635487,0.9492264528792056
0.056332113040089095,1,1,2,1,5,0.9448265840597957,0.9885204963138027,0.9393539355688941,0.9066053202966905
0.07924064632812494,1,1,2,1,7,0.9286882988923052,0.9901155163166444,0.9186196542204893,0.8773297261397816
0.08022174851230432,1,1,2,1,9,0.9135672551782199,0.9822683134324905,0.9118631101891689,0.8465703419130003
0.04879593332594229,1,1,2,0,1,0.9319462613646646,0.9541062426519802,0.9176728605010931,0.9240596809409208
0.0762916869506728,1,1,2,0,11,0.917705597596063,0.9872231454125794,0.8618686715389576,0.9040249758366515
0.05729876933333336,1,1,2,0,3,0.9623958819034035,0.9881829748188244,0.9532950348533523,0.9457096360380336
0.045716862527839575,1,1,2,0,5,0.9508349026717443,0.9864947006649974,0.929118522952564,0.9368914843976712
0.06405202122767849,1,1,2,0,7,0.9356649245963666,0.9834433342467579,0.9373239223100909,0.886227517232251
0.07487077728187914,1,1,2,0,9,0.9180394266924047,0.9836738919421171,0.9184218019314552,0.8520225862036415
0.0475831317294901,1,1,3,1,1,0.8912100056823161,0.9610797197211799,0.916573834494423,0.7959764628313457
0.09603965698430492,1,1,3,1,11,0.886285534737651,0.9552713733060373,0.8869096268489667,0.816675604057949
0.05182825420000002,1,1,3,1,3,0.9577539855796484,0.9868315538525906,0.9520719486845476,0.9343584542018072
0.057307534732739564,1,1,3,1,5,0.9373225696371069,0.987199317346785,0.9350868676219601,0.8896815239425755
0.07791822193080367,1,1,3,1,7,0.9079534661746744,0.973229530979667,0.894488179600228,0.8561426879441282
0.0882152713534676,1,1,3,1,9,0.9315860212717721,0.9865420107829846,0.9083350984064953,0.8998809546258365
0.12984951318181817,1,1,3,0,1,0.9198253286428373,0.9527889069324513,0.9176914931620852,0.8889955858339752
0.10437297493273533,1,1,3,0,11,0.9137816823613362,0.9663491730306524,0.9051135011370786,0.8698823729162776
0.053691847999999924,1,1,3,0,3,0.9528980933855212,0.9886336203712669,0.9363924778287834,0.9336681819565136
0.05952160859688195,1,1,3,0,5,0.948077921938243,0.9839719835771599,0.9403333303873714,0.9199284518501976
0.06643677121651792,1,1,3,0,7,0.9276630270887406,0.9833605677213304,0.9223438659955988,0.8772846475492928
0.06524169064876953,1,1,3,0,9,0.9335856694031929,0.9769681466530322,0.8959138735245303,0.9278749880320161
0.038929665399113036,1,1,4,1,1,0.9205380665796121,0.9596359339411038,0.9232565266612326,0.8787217391365
0.07716497201793728,1,1,4,1,11,0.9189262646379865,0.9823081567178816,0.8973101365233593,0.8771605006727188
0.07589368667777772,1,1,4,1,3,0.9319084159342447,0.9739057478814288,0.9232581218627567,0.8985613780585482
0.049669737672605796,1,1,4,1,5,0.9238679682463445,0.9836223312917804,0.9204179175199051,0.8675636559273479
0.07930584775669647,1,1,4,1,7,0.9213286144869953,0.9812404586894674,0.9028323891084599,0.8799129956630587
0.09097807743847879,1,1,4,1,9,0.9176594572394491,0.9889944551595572,0.883793805997783,0.8801901105610074
0.14008860439024395,1,1,4,0,1,0.8888812840348849,0.9209699602698315,0.9118003624322949,0.8338735294025282
0.06917938293721974,1,1,4,0,11,0.9270918115144684,0.977878441364803,0.9192460351270884,0.8841509580515138
0.08534950257777782,1,1,4,0,3,0.953528128491444,0.9757421135590032,0.9524384388865551,0.9324038330287735
0.05683432346325174,1,1,4,0,5,0.9374792879372581,0.9867890910159807,0.9198594782364603,0.9057892945593331
0.07054328639508914,1,1,4,0,7,0.9349112289504397,0.97891219000077,0.926653557094704,0.8991679397558449
0.06043163428411638,1,1,4,0,9,0.9347479642408624,0.9882505206277838,0.9142952319518811,0.9016981401429218
0.10866008024390249,1,1,5,1,1,0.9080118468858954,0.9600360845644673,0.9080473308949648,0.855952125198254
0.0832606962443947,1,1,5,1,11,0.8994631099665394,0.9669598251224624,0.8818647555781759,0.8495647491989803
0.047846474955555544,1,1,5,1,3,0.9430818847679938,0.9755274196970695,0.9376551809314463,0.9160630536754658
0.049368862839643694,1,1,5,1,5,0.9002210681621635,0.985375030536276,0.9182510835254121,0.7970370904248023
0.08130504667410716,1,1,5,1,7,0.9253000677406459,0.985395467329778,0.8982885012028832,0.8922162346892762
0.07543279159955271,1,1,5,1,9,0.9054361453513406,0.9538518049074893,0.8990628987447274,0.8633937324018055
0.03004020088691789,1,1,5,0,1,0.931099128179606,0.9558739634098948,0.8972925748166913,0.9401308463122319
0.07424807524663682,1,1,5,0,11,0.911648624526951,0.9771961077771215,0.9089984933849535,0.8487512724187776
0.04533983631111114,1,1,5,0,3,0.960076151094348,0.9791105189415679,0.9522665996628935,0.9488513346785825
0.06136941023385308,1,1,5,0,5,0.9458331420171605,0.9906490806462858,0.9115194542558368,0.935330891149359
0.0672779482924107,1,1,5,0,7,0.9452645174596341,0.9801938623059241,0.9363888878160137,0.9192108022569643
0.08299912974272938,1,1,5,0,9,0.9072862867337852,0.9780099437184311,0.8622456646447092,0.8816032518382151
0.11489524123059867,1,1,6,1,1,0.9209179094826618,0.9617878354673309,0.9184614511100859,0.8825044418705683
0.09559122190582964,1,1,6,1,11,0.9064093387717795,0.970834280680204,0.9069248318627449,0.8414689037723899
0.05083710488888894,1,1,6,1,3,0.9572969980661115,0.9877022349229535,0.9388121948470847,0.9453765644282962
0.05780266412026714,1,1,6,1,5,0.9476679626760521,0.9836807497327902,0.930000440574168,0.9293226977211984
0.05958364024553585,1,1,6,1,7,0.9187928009770819,0.9860435136480278,0.9074323013242057,0.8629025879590125
0.09224827667785235,1,1,6,1,9,0.9005318767503665,0.9843806176360204,0.8611331579894868,0.8560818546255922
0.053049744722838035,1,1,6,0,1,0.9522773551418867,0.970865197180155,0.9534159753992351,0.9325508928462701
0.07712690049327348,1,1,6,0,11,0.9140465495106952,0.9822188154794887,0.916818741100681,0.843102091951916
0.050865091522222086,1,1,6,0,3,0.9529784425463609,0.9709537908120628,0.9434252039832408,0.9445563328437794
0.0535238790645879,1,1,6,0,5,0.9385051925630897,0.9824305876454633,0.9221777959539039,0.9109071940899021
0.06011707218750005,1,1,6,0,7,0.9391318209772875,0.9892897951192692,0.9119684006949313,0.916137267117662
0.08591407712527949,1,1,6,0,9,0.9323239146492611,0.9818112091658944,0.9021892236022466,0.9129713111796425
0.12560756437915746,0,0,1,1,1,0.8584085931637194,0.9580819623000809,0.8918900719334252,0.7252537452576526
0.07243830122197313,0,0,1,1,11,0.9235409668605322,0.9761629346144313,0.9221522252953642,0.8723077406718013
0.04855092333333322,0,0,1,1,3,0.9422458984213223,0.9735446958762977,0.9082018248789302,0.944991174508739
0.051466318084632506,0,0,1,1,5,0.9279233821449898,0.9843495228951236,0.9187172867854527,0.880703336754393
0.05963987638392864,0,0,1,1,7,0.9182916217291203,0.9821990375869019,0.9061289234729555,0.8665469041275036
0.06263930523489937,0,0,1,1,9,0.9329727696469571,0.9900910737494173,0.9325763772810269,0.8762508579104268
0.02651491572062087,0,0,1,0,1,0.9365045012983998,0.9672335257926605,0.9155758013505172,0.9267041767520217
0.09664067146860988,0,0,1,0,11,0.9376189970010049,0.9893553195265608,0.9112861448107199,0.9122155266657342
0.05151789167777775,0,0,1,0,3,0.9442949715007475,0.9785831454462093,0.9088469650524197,0.9454548040036131
0.044439543006681494,0,0,1,0,5,0.9660354925371593,0.9908549314103366,0.938955008878604,0.9682965373225372
0.06343751186383938,0,0,1,0,7,0.9486907596658161,0.9813814632173159,0.9105918071978394,0.954099008582293
0.07195239795302023,0,0,1,0,9,0.9587059944520684,0.9912133318744074,0.9342258540832561,0.9506787973985419
0.05819539638580939,0,0,2,1,1,0.9313969796295875,0.9584529674888024,0.9207520175342451,0.9149859538657148
0.057242163441704075,0,0,2,1,11,0.919594593612319,0.9791264095485647,0.9044342284381471,0.875223142850245
0.06427395905555564,0,0,2,1,3,0.968605984266854,0.9860314480168217,0.9504822525631537,0.9693042522205864
0.053933275634743934,0,0,2,1,5,0.9455508413582315,0.9910879313533079,0.913238858029426,0.932325734691961
0.06802727362723213,0,0,2,1,7,0.9396521899321729,0.9891433528997396,0.9135862964842365,0.9162269204125427
0.06386459282997765,0,0,2,1,9,0.9601747551036959,0.9873918534201219,0.9400000844324726,0.9531323274584932
0.04038217901330375,0,0,2,0,1,0.9365082158222147,0.9592053974651706,0.9133327696331666,0.9369864803683067
0.0656378664798205,0,0,2,0,11,0.9590248868059227,0.9851861824221219,0.9459342135335641,0.9459542644620818
0.045148286111111,0,0,2,0,3,0.9438090450400723,0.9717682874766513,0.9112572641939879,0.9484015834495777
0.044546750501113536,0,0,2,0,5,0.9671942229373786,0.9931977256476598,0.9488023603846243,0.9595825827798515
0.05839033080357143,0,0,2,0,7,0.9671240947099967,0.9899492362361484,0.9505820915862194,0.9608409563076219
0.05951706514541384,0,0,2,0,9,0.949767047455904,0.9877507558685932,0.924106155505217,0.937444230993902
0.08254942386917952,0,0,3,1,1,0.9262113392376383,0.9649611751905345,0.8969345325084432,0.9167383100139371
0.0714059004035876,0,0,3,1,11,0.9096820935868779,0.9705813943206709,0.9064499950297589,0.8520148914102038
0.0561420188444444,0,0,3,1,3,0.932971121048666,0.9790284827044985,0.9047963629819564,0.9150885174595431
0.05107516198218266,0,0,3,1,5,0.9333762281769694,0.9865906254657767,0.9330690299209851,0.8804690291441464
0.06129252861607139,0,0,3,1,7,0.9337393638959143,0.9852966054922784,0.9160850568258072,0.8998364293696571
0.08477262107382552,0,0,3,1,9,0.9553087136415143,0.9900346715962841,0.9193705232402217,0.9565209460880367
0.045460746197339245,0,0,3,0,1,0.9456270298099018,0.9684575269618703,0.9286313325917902,0.9397922298760449
0.06869803097533632,0,0,3,0,11,0.9455919381142325,0.9798479207686471,0.9275066886172366,0.9294212049568136
0.04397244397777775,0,0,3,0,3,0.9701325709786804,0.9813793648967951,0.9583682252789429,0.9706501227603032
0.051455070634743846,0,0,3,0,5,0.9262422368943738,0.9886810549404459,0.9173413775988244,0.8727042781438513
0.04539207651785706,0,0,3,0,7,0.9565436033612951,0.9928117607840994,0.9286884421767364,0.9481306071230498
0.06715794842281876,0,0,3,0,9,0.9544230019025091,0.9886064415665061,0.9423203817990717,0.9323421823419494
0.16355370474501107,0,0,4,1,1,0.8520174939267324,0.8906850136602281,0.8537738061351324,0.8115936619848367
0.06706685441704033,0,0,4,1,11,0.9388391306349808,0.9845889000058078,0.9075521817203588,0.9243763101787756
0.048172561588888926,0,0,4,1,3,0.9402876177794739,0.9853244632450336,0.9175609692273575,0.9179774208660305
0.05468421456570151,0,0,4,1,5,0.9324836959900807,0.983758722751761,0.9057308444670091,0.9079615207514721
0.05762978129464288,0,0,4,1,7,0.9457790552791024,0.9831096874352108,0.9232623947036838,0.9309650836984126
0.05674238267337818,0,0,4,1,9,0.9535862341965838,0.9910319196704884,0.9218382189509723,0.9478885639682905
0.04671723262749438,0,0,4,0,1,0.935002323601689,0.9516624860490338,0.9161121536797314,0.9372323310763019
0.06914744937219724,0,0,4,0,11,0.9533152136643895,0.9849203151144938,0.9345753987288821,0.9404499271497927
0.035458753144444535,0,0,4,0,3,0.9746148818844262,0.9874175335905913,0.9657696630732819,0.9706574489894055
0.04276602447661476,0,0,4,0,5,0.9613052458959047,0.9955859037999684,0.9535377649991518,0.9347920688885937
0.061359179229910694,0,0,4,0,7,0.9474580151910649,0.99359038387001,0.9197743381590118,0.9290093235441725
0.06707766498881439,0,0,4,0,9,0.9163802837742479,0.9789361801078575,0.9231284108558734,0.8470762603590124
0.08460111543237253,0,0,5,1,1,0.9025470933426356,0.9149048348502785,0.9233251052867949,0.8694113398908334
0.06451081752242147,0,0,5,1,11,0.9485919489207001,0.9831131403174226,0.9311019488632905,0.9315607575813873
0.053412628677777754,0,0,5,1,3,0.9435216298870913,0.9791202303644719,0.9089448255570307,0.9424998337397713
0.04670769638084639,0,0,5,1,5,0.9590058937367615,0.9945424850643263,0.9128131607744474,0.9696620353715107
0.05702192512276785,0,0,5,1,7,0.958690582694102,0.9870880376486704,0.9422167313654279,0.9467669790682076
0.0723061748098434,0,0,5,1,9,0.9525715197466212,0.9908131728772026,0.9354124968426893,0.9314888895199719
0.06275427719512205,0,0,5,0,1,0.9313788223538323,0.9595268817110051,0.9309474446534358,0.9036621406970559
0.07606190082959632,0,0,5,0,11,0.9421837098378457,0.9692505096560894,0.9436485236098412,0.9136520962476063
0.04529207631111101,0,0,5,0,3,0.9662765498930259,0.98430142143259,0.9430380500932479,0.9714901781532399
0.05366255428730523,0,0,5,0,5,0.9645586104680922,0.9896432730990382,0.9430973703615291,0.960935187943709
0.06502607438616079,0,0,5,0,7,0.9451638186410536,0.9778310929387205,0.9383863788154949,0.9192739841689457
0.06872924214765108,0,0,5,0,9,0.9540270451465399,0.9878334079739182,0.9400233333810727,0.9342243940846289
